ncalls,tottime,percall,cumtime,percall,filename:lineno(function)
6,0.000,0.000,0.000,0.000,<frozen importlib._bootstrap>:35(_new_module)
13,0.000,0.000,0.000,0.000,<frozen importlib._bootstrap>:58(__init__)
13,0.000,0.000,0.000,0.000,<frozen importlib._bootstrap>:87(acquire)
13,0.000,0.000,0.000,0.000,<frozen importlib._bootstrap>:112(release)
10,0.000,0.000,0.000,0.000,<frozen importlib._bootstrap>:152(__init__)
10,0.000,0.000,0.000,0.000,<frozen importlib._bootstrap>:156(__enter__)
10,0.000,0.000,0.000,0.000,<frozen importlib._bootstrap>:160(__exit__)
16,0.000,0.000,0.000,0.000,<frozen importlib._bootstrap_external>:64(_relax_case)
13,0.000,0.000,0.000,0.000,<frozen importlib._bootstrap>:185(cb)
13,0.000,0.000,0.000,0.000,<frozen importlib._bootstrap>:166(_get_module_lock)
3,0.000,0.000,0.000,0.000,<frozen importlib._bootstrap>:203(_lock_unlock_module)
9/4,0.000,0.000,0.008,0.002,<frozen importlib._bootstrap>:220(_call_with_frames_removed)
88,0.000,0.000,0.000,0.000,<frozen importlib._bootstrap>:231(_verbose_message)
9,0.000,0.000,0.000,0.000,<frozen importlib._bootstrap>:351(__init__)
9,0.000,0.000,0.000,0.000,<frozen importlib._bootstrap>:385(cached)
12,0.000,0.000,0.000,0.000,<frozen importlib._bootstrap>:398(parent)
7,0.000,0.000,0.000,0.000,<frozen importlib._bootstrap>:406(has_location)
7,0.000,0.000,0.000,0.000,<frozen importlib._bootstrap>:486(_init_module_attrs)
7,0.000,0.000,0.002,0.000,<frozen importlib._bootstrap>:558(module_from_spec)
7/5,0.000,0.000,0.007,0.001,<frozen importlib._bootstrap>:659(_load_unlocked)
7,0.000,0.000,0.000,0.000,<frozen importlib._bootstrap>:736(find_spec)
7,0.000,0.000,0.000,0.000,<frozen importlib._bootstrap>:811(find_spec)
12,0.000,0.000,0.000,0.000,<frozen importlib._bootstrap_external>:79(_unpack_uint32)
21,0.000,0.000,0.000,0.000,<frozen importlib._bootstrap>:874(__enter__)
21,0.000,0.000,0.000,0.000,<frozen importlib._bootstrap>:878(__exit__)
7,0.000,0.000,0.005,0.001,<frozen importlib._bootstrap>:901(_find_spec)
6,0.000,0.000,0.000,0.000,<frozen importlib._bootstrap>:948(_sanity_check)
7/3,0.000,0.000,0.011,0.004,<frozen importlib._bootstrap>:967(_find_and_load_unlocked)
10/6,0.000,0.000,0.012,0.002,<frozen importlib._bootstrap>:1002(_find_and_load)
6/4,0.000,0.000,0.005,0.001,<frozen importlib._bootstrap>:1018(_gcd_import)
8/7,0.000,0.000,0.002,0.000,<frozen importlib._bootstrap>:1033(_handle_fromlist)
89,0.000,0.000,0.000,0.000,<frozen importlib._bootstrap_external>:114(<listcomp>)
89,0.001,0.000,0.001,0.000,<frozen importlib._bootstrap_external>:91(_path_join)
2,0.000,0.000,0.000,0.000,<frozen zipimport>:63(__init__)
24,0.000,0.000,0.000,0.000,<frozen importlib._bootstrap_external>:129(<genexpr>)
8,0.000,0.000,0.000,0.000,<frozen importlib._bootstrap_external>:127(_path_split)
41,0.000,0.000,0.002,0.000,<frozen importlib._bootstrap_external>:135(_path_stat)
19,0.000,0.000,0.001,0.000,<frozen importlib._bootstrap_external>:145(_path_is_mode_type)
15,0.000,0.000,0.001,0.000,<frozen importlib._bootstrap_external>:154(_path_isfile)
4,0.000,0.000,0.000,0.000,<frozen importlib._bootstrap_external>:159(_path_isdir)
3,0.000,0.000,0.000,0.000,<frozen importlib._bootstrap_external>:167(_path_isabs)
8,0.000,0.000,0.000,0.000,<frozen importlib._bootstrap_external>:361(cache_from_source)
5,0.000,0.000,0.000,0.000,<frozen importlib._bootstrap_external>:491(_get_cached)
4,0.000,0.000,0.000,0.000,<frozen importlib._bootstrap_external>:523(_check_name_wrapper)
4,0.000,0.000,0.000,0.000,<frozen importlib._bootstrap_external>:560(_classify_pyc)
4,0.000,0.000,0.000,0.000,<frozen importlib._bootstrap_external>:593(_validate_timestamp_pyc)
4,0.000,0.000,0.000,0.000,<frozen importlib._bootstrap_external>:645(_compile_bytecode)
5,0.000,0.000,0.000,0.000,<frozen importlib._bootstrap_external>:696(spec_from_file_location)
4,0.000,0.000,0.000,0.000,<frozen importlib._bootstrap_external>:841(create_module)
4/3,0.000,0.000,0.007,0.002,<frozen importlib._bootstrap_external>:844(exec_module)
4,0.000,0.000,0.002,0.001,<frozen importlib._bootstrap_external>:916(get_code)
4,0.000,0.000,0.000,0.000,<frozen importlib._bootstrap_external>:1006(__init__)
4,0.000,0.000,0.000,0.000,<frozen importlib._bootstrap_external>:1031(get_filename)
4,0.000,0.000,0.001,0.000,<frozen importlib._bootstrap_external>:1036(get_data)
4,0.000,0.000,0.000,0.000,<frozen importlib._bootstrap_external>:1077(path_stats)
1,0.000,0.000,0.000,0.000,<frozen importlib._bootstrap_external>:1155(__init__)
1,0.000,0.000,0.001,0.001,<frozen importlib._bootstrap_external>:1171(create_module)
1,0.000,0.000,0.000,0.000,<frozen importlib._bootstrap_external>:1179(exec_module)
2,0.000,0.000,0.000,0.000,<frozen importlib._bootstrap_external>:1212(__init__)
8,0.000,0.000,0.000,0.000,<frozen importlib._bootstrap_external>:1218(_find_parent_path_names)
8,0.000,0.000,0.000,0.000,<frozen importlib._bootstrap_external>:1228(_get_parent_path)
6/4,0.000,0.000,0.000,0.000,<frozen importlib._bootstrap_external>:1232(_recalculate)
4/3,0.000,0.000,0.000,0.000,<frozen importlib._bootstrap_external>:1245(__iter__)
2,0.000,0.000,0.000,0.000,<frozen importlib._bootstrap_external>:1254(__len__)
2,0.000,0.000,0.000,0.000,<frozen importlib._bootstrap_external>:1293(exec_module)
2,0.000,0.000,0.000,0.000,<frozen importlib._bootstrap_external>:1324(_path_hooks)
18,0.000,0.000,0.000,0.000,<frozen importlib._bootstrap_external>:1337(_path_importer_cache)
7,0.000,0.000,0.004,0.001,<frozen importlib._bootstrap_external>:1374(_get_spec)
7,0.000,0.000,0.004,0.001,<frozen importlib._bootstrap_external>:1406(find_spec)
16,0.000,0.000,0.000,0.000,<frozen importlib._bootstrap_external>:1472(<genexpr>)
2,0.000,0.000,0.000,0.000,<frozen importlib._bootstrap_external>:1466(__init__)
5,0.000,0.000,0.000,0.000,<frozen importlib._bootstrap_external>:1500(_get_spec)
16,0.000,0.000,0.004,0.000,<frozen importlib._bootstrap_external>:1505(find_spec)
2,0.000,0.000,0.000,0.000,<frozen importlib._bootstrap_external>:1585(<setcomp>)
2,0.000,0.000,0.000,0.000,<frozen importlib._bootstrap_external>:1556(_fill_cache)
2,0.000,0.000,0.000,0.000,<frozen importlib._bootstrap_external>:1597(path_hook_for_FileFinder)
9,0.000,0.000,0.000,0.000,D:\Programme\anaconda3\envs\fml\lib\encodings\__init__.py:43(normalize_encoding)
5,0.000,0.000,0.000,0.000,D:\Programme\anaconda3\envs\fml\lib\codecs.py:186(__init__)
1,0.000,0.000,0.000,0.000,D:\Programme\anaconda3\envs\fml\lib\abc.py:117(__instancecheck__)
2/1,0.000,0.000,0.000,0.000,D:\Programme\anaconda3\envs\fml\lib\abc.py:121(__subclasscheck__)
82,0.000,0.000,0.000,0.000,D:\Programme\anaconda3\envs\fml\lib\os.py:674(__getitem__)
82,0.000,0.000,0.000,0.000,D:\Programme\anaconda3\envs\fml\lib\os.py:740(check_str)
82,0.000,0.000,0.000,0.000,D:\Programme\anaconda3\envs\fml\lib\os.py:746(encodekey)
5,0.000,0.000,0.000,0.000,D:\Programme\anaconda3\envs\fml\lib\_bootlocale.py:11(getpreferredencoding)
5280,0.004,0.000,0.005,0.000,D:\Programme\anaconda3\envs\fml\lib\ntpath.py:34(_get_bothseps)
4439,0.010,0.000,0.015,0.000,D:\Programme\anaconda3\envs\fml\lib\ntpath.py:44(normcase)
10,0.000,0.000,0.000,0.000,D:\Programme\anaconda3\envs\fml\lib\ntpath.py:61(isabs)
38,0.000,0.000,0.001,0.000,D:\Programme\anaconda3\envs\fml\lib\ntpath.py:77(join)
5435,0.023,0.000,0.027,0.000,D:\Programme\anaconda3\envs\fml\lib\ntpath.py:124(splitdrive)
5270,0.052,0.000,0.087,0.000,D:\Programme\anaconda3\envs\fml\lib\ntpath.py:180(split)
4439,0.010,0.000,0.035,0.000,D:\Programme\anaconda3\envs\fml\lib\ntpath.py:203(splitext)
4440,0.007,0.000,0.079,0.000,D:\Programme\anaconda3\envs\fml\lib\ntpath.py:214(basename)
814,0.002,0.000,0.016,0.000,D:\Programme\anaconda3\envs\fml\lib\ntpath.py:221(dirname)
7,0.000,0.000,0.000,0.000,D:\Programme\anaconda3\envs\fml\lib\ntpath.py:450(normpath)
7,0.000,0.000,0.000,0.000,D:\Programme\anaconda3\envs\fml\lib\ntpath.py:524(abspath)
36,0.000,0.000,0.000,0.000,D:\Programme\anaconda3\envs\fml\lib\_collections_abc.py:760(get)
41,0.000,0.000,0.002,0.000,D:\Programme\anaconda3\envs\fml\lib\genericpath.py:16(exists)
4439,0.015,0.000,0.023,0.000,D:\Programme\anaconda3\envs\fml\lib\genericpath.py:121(_splitext)
4439,0.006,0.000,0.012,0.000,D:\Programme\anaconda3\envs\fml\lib\encodings\cp1252.py:18(encode)
4,0.000,0.000,0.005,0.001,D:\Programme\anaconda3\envs\fml\lib\importlib\__init__.py:109(import_module)
23,0.000,0.000,0.000,0.000,D:\Programme\anaconda3\envs\fml\lib\types.py:171(__get__)
5,0.000,0.000,0.000,0.000,D:\Programme\anaconda3\envs\fml\lib\contextlib.py:63(_recreate_cm)
5,0.000,0.000,0.001,0.000,D:\Programme\anaconda3\envs\fml\lib\contextlib.py:76(inner)
4,0.000,0.000,0.002,0.000,D:\Programme\anaconda3\envs\fml\lib\re.py:188(match)
57,0.000,0.000,0.002,0.000,D:\Programme\anaconda3\envs\fml\lib\re.py:250(compile)
61,0.000,0.000,0.003,0.000,D:\Programme\anaconda3\envs\fml\lib\re.py:289(_compile)
24,0.000,0.000,0.000,0.000,D:\Programme\anaconda3\envs\fml\lib\enum.py:358(__call__)
24,0.000,0.000,0.000,0.000,D:\Programme\anaconda3\envs\fml\lib\enum.py:670(__new__)
23,0.000,0.000,0.000,0.000,D:\Programme\anaconda3\envs\fml\lib\enum.py:792(value)
7,0.000,0.000,0.000,0.000,D:\Programme\anaconda3\envs\fml\lib\sre_compile.py:65(_combine_flags)
19/6,0.000,0.000,0.000,0.000,D:\Programme\anaconda3\envs\fml\lib\sre_compile.py:71(_compile)
6,0.000,0.000,0.000,0.000,D:\Programme\anaconda3\envs\fml\lib\enum.py:977(__and__)
5,0.000,0.000,0.000,0.000,D:\Programme\anaconda3\envs\fml\lib\sre_compile.py:249(_compile_charset)
5,0.000,0.000,0.000,0.000,D:\Programme\anaconda3\envs\fml\lib\sre_compile.py:276(_optimize_charset)
1,0.000,0.000,0.000,0.000,D:\Programme\anaconda3\envs\fml\lib\sre_compile.py:413(<listcomp>)
1,0.000,0.000,0.000,0.000,D:\Programme\anaconda3\envs\fml\lib\sre_compile.py:411(_mk_bitmap)
8,0.000,0.000,0.000,0.000,D:\Programme\anaconda3\envs\fml\lib\sre_compile.py:423(_simple)
3,0.000,0.000,0.000,0.000,D:\Programme\anaconda3\envs\fml\lib\sre_compile.py:432(_generate_overlap_table)
12,0.000,0.000,0.000,0.000,D:\Programme\anaconda3\envs\fml\lib\sre_compile.py:453(_get_iscased)
9/6,0.000,0.000,0.000,0.000,D:\Programme\anaconda3\envs\fml\lib\sre_compile.py:461(_get_literal_prefix)
3,0.000,0.000,0.000,0.000,D:\Programme\anaconda3\envs\fml\lib\sre_compile.py:492(_get_charset_prefix)
6,0.000,0.000,0.000,0.000,D:\Programme\anaconda3\envs\fml\lib\sre_compile.py:536(_compile_info)
12,0.000,0.000,0.000,0.000,D:\Programme\anaconda3\envs\fml\lib\sre_compile.py:595(isstring)
6,0.000,0.000,0.001,0.000,D:\Programme\anaconda3\envs\fml\lib\sre_compile.py:598(_code)
6,0.000,0.000,0.002,0.000,D:\Programme\anaconda3\envs\fml\lib\sre_compile.py:759(compile)
6,0.000,0.000,0.000,0.000,D:\Programme\anaconda3\envs\fml\lib\sre_parse.py:76(__init__)
18,0.000,0.000,0.000,0.000,D:\Programme\anaconda3\envs\fml\lib\sre_parse.py:81(groups)
3,0.000,0.000,0.000,0.000,D:\Programme\anaconda3\envs\fml\lib\sre_parse.py:84(opengroup)
3,0.000,0.000,0.000,0.000,D:\Programme\anaconda3\envs\fml\lib\sre_parse.py:96(closegroup)
19,0.000,0.000,0.000,0.000,D:\Programme\anaconda3\envs\fml\lib\sre_parse.py:111(__init__)
41,0.000,0.000,0.000,0.000,D:\Programme\anaconda3\envs\fml\lib\sre_parse.py:160(__len__)
4,0.000,0.000,0.000,0.000,D:\Programme\anaconda3\envs\fml\lib\sre_parse.py:162(__delitem__)
102,0.000,0.000,0.000,0.000,D:\Programme\anaconda3\envs\fml\lib\sre_parse.py:164(__getitem__)
8,0.000,0.000,0.000,0.000,D:\Programme\anaconda3\envs\fml\lib\sre_parse.py:168(__setitem__)
26,0.000,0.000,0.000,0.000,D:\Programme\anaconda3\envs\fml\lib\sre_parse.py:172(append)
22/9,0.000,0.000,0.000,0.000,D:\Programme\anaconda3\envs\fml\lib\sre_parse.py:174(getwidth)
6,0.000,0.000,0.000,0.000,D:\Programme\anaconda3\envs\fml\lib\sre_parse.py:224(__init__)
47,0.000,0.000,0.000,0.000,D:\Programme\anaconda3\envs\fml\lib\sre_parse.py:233(__next)
30,0.000,0.000,0.000,0.000,D:\Programme\anaconda3\envs\fml\lib\sre_parse.py:249(match)
37,0.000,0.000,0.000,0.000,D:\Programme\anaconda3\envs\fml\lib\sre_parse.py:254(get)
22,0.000,0.000,0.000,0.000,D:\Programme\anaconda3\envs\fml\lib\sre_parse.py:286(tell)
8,0.000,0.000,0.000,0.000,D:\Programme\anaconda3\envs\fml\lib\sre_parse.py:355(_escape)
2,0.000,0.000,0.000,0.000,D:\Programme\anaconda3\envs\fml\lib\sre_parse.py:432(_uniq)
9/6,0.000,0.000,0.001,0.000,D:\Programme\anaconda3\envs\fml\lib\sre_parse.py:435(_parse_sub)
10/7,0.001,0.000,0.001,0.000,D:\Programme\anaconda3\envs\fml\lib\sre_parse.py:493(_parse)
6,0.000,0.000,0.000,0.000,D:\Programme\anaconda3\envs\fml\lib\sre_parse.py:921(fix_flags)
6,0.000,0.000,0.002,0.000,D:\Programme\anaconda3\envs\fml\lib\sre_parse.py:937(parse)
1,0.000,0.000,0.000,0.000,D:\Programme\anaconda3\envs\fml\lib\weakref.py:105(__init__)
1,0.000,0.000,0.000,0.000,D:\Programme\anaconda3\envs\fml\lib\weakref.py:290(update)
2,0.000,0.000,0.000,0.000,D:\Programme\anaconda3\envs\fml\lib\_weakrefset.py:21(__enter__)
2,0.000,0.000,0.000,0.000,D:\Programme\anaconda3\envs\fml\lib\_weakrefset.py:17(__init__)
2,0.000,0.000,0.000,0.000,D:\Programme\anaconda3\envs\fml\lib\_weakrefset.py:27(__exit__)
2,0.000,0.000,0.000,0.000,D:\Programme\anaconda3\envs\fml\lib\_weakrefset.py:53(_commit_removals)
3,0.000,0.000,0.000,0.000,D:\Programme\anaconda3\envs\fml\lib\_weakrefset.py:63(__iter__)
2,0.000,0.000,0.000,0.000,D:\Programme\anaconda3\envs\fml\lib\_weakrefset.py:86(add)
1,0.000,0.000,0.000,0.000,D:\Programme\anaconda3\envs\fml\lib\_weakrefset.py:111(remove)
16,0.000,0.000,0.000,0.000,D:\Programme\anaconda3\envs\fml\lib\inspect.py:159(isfunction)
2,0.000,0.000,0.000,0.000,D:\Programme\anaconda3\envs\fml\lib\inspect.py:488(getmro)
8,0.000,0.000,0.000,0.000,D:\Programme\anaconda3\envs\fml\lib\inspect.py:514(_is_wrapper)
8,0.000,0.000,0.000,0.000,D:\Programme\anaconda3\envs\fml\lib\inspect.py:494(unwrap)
8,0.000,0.000,0.000,0.000,D:\Programme\anaconda3\envs\fml\lib\inspect.py:2150(_signature_from_function)
8,0.000,0.000,0.001,0.000,D:\Programme\anaconda3\envs\fml\lib\inspect.py:2244(_signature_from_callable)
12,0.000,0.000,0.000,0.000,D:\Programme\anaconda3\envs\fml\lib\inspect.py:2496(__init__)
12,0.000,0.000,0.000,0.000,D:\Programme\anaconda3\envs\fml\lib\inspect.py:2546(name)
20,0.000,0.000,0.000,0.000,D:\Programme\anaconda3\envs\fml\lib\inspect.py:2828(<genexpr>)
8,0.000,0.000,0.000,0.000,D:\Programme\anaconda3\envs\fml\lib\inspect.py:2779(__init__)
8,0.000,0.000,0.001,0.000,D:\Programme\anaconda3\envs\fml\lib\inspect.py:2857(from_callable)
8,0.000,0.000,0.000,0.000,D:\Programme\anaconda3\envs\fml\lib\inspect.py:2863(parameters)
8,0.000,0.000,0.001,0.000,D:\Programme\anaconda3\envs\fml\lib\inspect.py:3109(signature)
4,0.000,0.000,0.000,0.000,D:\Programme\anaconda3\envs\fml\lib\queue.py:34(__init__)
810,0.007,0.000,0.016,0.000,D:\Programme\anaconda3\envs\fml\lib\queue.py:122(put)
810,0.006,0.000,0.012,0.000,D:\Programme\anaconda3\envs\fml\lib\queue.py:154(get)
4,0.000,0.000,0.000,0.000,D:\Programme\anaconda3\envs\fml\lib\queue.py:206(_init)
810,0.001,0.000,0.001,0.000,D:\Programme\anaconda3\envs\fml\lib\queue.py:209(_qsize)
810,0.001,0.000,0.001,0.000,D:\Programme\anaconda3\envs\fml\lib\queue.py:213(_put)
810,0.001,0.000,0.001,0.000,D:\Programme\anaconda3\envs\fml\lib\queue.py:217(_get)
5,0.000,0.000,0.000,0.000,D:\Programme\anaconda3\envs\fml\lib\threading.py:82(RLock)
14,0.000,0.000,0.000,0.000,D:\Programme\anaconda3\envs\fml\lib\threading.py:228(__init__)
1621,0.002,0.000,0.002,0.000,D:\Programme\anaconda3\envs\fml\lib\threading.py:256(__enter__)
1621,0.001,0.000,0.002,0.000,D:\Programme\anaconda3\envs\fml\lib\threading.py:259(__exit__)
1,0.000,0.000,0.000,0.000,D:\Programme\anaconda3\envs\fml\lib\threading.py:265(_release_save)
1,0.000,0.000,0.000,0.000,D:\Programme\anaconda3\envs\fml\lib\threading.py:268(_acquire_restore)
1621,0.001,0.000,0.002,0.000,D:\Programme\anaconda3\envs\fml\lib\threading.py:271(_is_owned)
1,0.000,0.000,0.002,0.002,D:\Programme\anaconda3\envs\fml\lib\threading.py:280(wait)
1620,0.006,0.000,0.008,0.000,D:\Programme\anaconda3\envs\fml\lib\threading.py:351(notify)
2,0.000,0.000,0.000,0.000,D:\Programme\anaconda3\envs\fml\lib\threading.py:521(__init__)
2,0.000,0.000,0.000,0.000,D:\Programme\anaconda3\envs\fml\lib\threading.py:529(is_set)
1,0.000,0.000,0.002,0.002,D:\Programme\anaconda3\envs\fml\lib\threading.py:556(wait)
1,0.000,0.000,0.000,0.000,D:\Programme\anaconda3\envs\fml\lib\threading.py:750(_newname)
1,0.000,0.000,0.000,0.000,D:\Programme\anaconda3\envs\fml\lib\threading.py:795(__init__)
1,0.000,0.000,0.002,0.002,D:\Programme\anaconda3\envs\fml\lib\threading.py:873(start)
4439,0.004,0.000,0.004,0.000,D:\Programme\anaconda3\envs\fml\lib\threading.py:1073(name)
1,0.000,0.000,0.000,0.000,D:\Programme\anaconda3\envs\fml\lib\threading.py:1127(daemon)
1,0.000,0.000,0.000,0.000,D:\Programme\anaconda3\envs\fml\lib\threading.py:1142(daemon)
1,0.000,0.000,0.000,0.000,D:\Programme\anaconda3\envs\fml\lib\threading.py:1209(_make_invoke_excepthook)
4440,0.004,0.000,0.005,0.000,D:\Programme\anaconda3\envs\fml\lib\threading.py:1338(current_thread)
1,0.000,0.000,0.000,0.000,D:\Programme\anaconda3\envs\fml\lib\random.py:126(seed)
1,0.000,0.000,0.000,0.000,D:\Programme\anaconda3\envs\fml\lib\random.py:117(__init__)
46205,0.068,0.000,0.084,0.000,D:\Programme\anaconda3\envs\fml\lib\random.py:237(_randbelow_with_getrandbits)
8,0.000,0.000,0.000,0.000,D:\Programme\anaconda3\envs\fml\lib\random.py:343(choice)
32010,0.118,0.000,0.207,0.000,D:\Programme\anaconda3\envs\fml\lib\random.py:348(shuffle)
4,0.000,0.000,0.000,0.000,D:\Programme\anaconda3\envs\fml\lib\random.py:791(getrandbits)
9,0.000,0.000,0.000,0.000,D:\Programme\anaconda3\envs\fml\lib\locale.py:352(_replace_encoding)
18,0.000,0.000,0.001,0.000,D:\Programme\anaconda3\envs\fml\lib\locale.py:386(normalize)
2,0.000,0.000,0.001,0.000,D:\Programme\anaconda3\envs\fml\lib\site-packages\pkg_resources\__init__.py:339(get_provider)
2,0.000,0.000,0.000,0.000,D:\Programme\anaconda3\envs\fml\lib\posixpath.py:41(_get_sep)
2,0.000,0.000,0.000,0.000,D:\Programme\anaconda3\envs\fml\lib\posixpath.py:60(isabs)
23,0.000,0.000,0.001,0.000,D:\Programme\anaconda3\envs\fml\lib\shutil.py:1331(get_terminal_size)
1,0.000,0.000,0.001,0.001,D:\Programme\anaconda3\envs\fml\lib\site-packages\pkg_resources\__init__.py:1118(resource_exists)
1,0.000,0.000,0.000,0.000,D:\Programme\anaconda3\envs\fml\lib\site-packages\pkg_resources\__init__.py:1134(resource_stream)
2,0.000,0.000,0.000,0.000,D:\Programme\anaconda3\envs\fml\lib\site-packages\pkg_resources\__init__.py:1377(__init__)
1,0.000,0.000,0.000,0.000,D:\Programme\anaconda3\envs\fml\lib\site-packages\pkg_resources\__init__.py:1390(has_resource)
2,0.000,0.000,0.000,0.000,D:\Programme\anaconda3\envs\fml\lib\site-packages\pkg_resources\__init__.py:1472(_fn)
2,0.000,0.000,0.000,0.000,D:\Programme\anaconda3\envs\fml\lib\site-packages\pkg_resources\__init__.py:1478(_validate_resource_path)
18,0.000,0.000,0.000,0.000,D:\Programme\anaconda3\envs\fml\lib\site-packages\pkg_resources\__init__.py:1564(_parents)
2,0.000,0.000,0.000,0.000,D:\Programme\anaconda3\envs\fml\lib\site-packages\pkg_resources\__init__.py:1578(__init__)
2,0.000,0.000,0.000,0.000,D:\Programme\anaconda3\envs\fml\lib\site-packages\pkg_resources\__init__.py:1582(_setup_prefix)
1,0.000,0.000,0.000,0.000,D:\Programme\anaconda3\envs\fml\lib\site-packages\pkg_resources\__init__.py:1598(_has)
1,0.000,0.000,0.000,0.000,D:\Programme\anaconda3\envs\fml\lib\site-packages\pkg_resources\__init__.py:1607(get_resource_stream)
16,0.000,0.000,0.000,0.000,D:\Programme\anaconda3\envs\fml\lib\site-packages\pkg_resources\__init__.py:2352(_is_egg_path)
16,0.000,0.000,0.000,0.000,D:\Programme\anaconda3\envs\fml\lib\site-packages\pkg_resources\__init__.py:2359(_is_zip_egg)
16,0.000,0.000,0.000,0.000,D:\Programme\anaconda3\envs\fml\lib\site-packages\pkg_resources\__init__.py:2367(_is_unpacked_egg)
2,0.000,0.000,0.000,0.000,D:\Programme\anaconda3\envs\fml\lib\site-packages\pkg_resources\__init__.py:3143(_always_object)
2,0.000,0.000,0.000,0.000,D:\Programme\anaconda3\envs\fml\lib\site-packages\pkg_resources\__init__.py:3153(_find_adapter)
1,0.000,0.000,0.000,0.000,D:\Programme\anaconda3\envs\fml\lib\tempfile.py:134(rng)
1,0.000,0.000,0.000,0.000,D:\Programme\anaconda3\envs\fml\lib\tempfile.py:148(<listcomp>)
1,0.000,0.000,0.000,0.000,D:\Programme\anaconda3\envs\fml\lib\tempfile.py:145(__next__)
1,0.000,0.000,0.000,0.000,D:\Programme\anaconda3\envs\fml\lib\ctypes\__init__.py:48(create_string_buffer)
2,0.000,0.000,0.000,0.000,D:\Programme\anaconda3\envs\fml\lib\ctypes\__init__.py:392(__getattr__)
2,0.000,0.000,0.000,0.000,D:\Programme\anaconda3\envs\fml\lib\ctypes\__init__.py:399(__getitem__)
1,0.000,0.000,0.000,0.000,c:\Users\bjoer\.vscode-insiders\extensions\ms-python.python-2021.12.1559732655\pythonFiles\lib\python\debugpy\_vendored\pydevd\_pydev_bundle\pydev_monkey.py:1020(__init__)
1,0.000,0.000,0.000,0.000,c:\Users\bjoer\.vscode-insiders\extensions\ms-python.python-2021.12.1559732655\pythonFiles\lib\python\debugpy\_vendored\pydevd\_pydev_bundle\pydev_monkey.py:1110(pydev_start_new_thread)
14,0.000,0.000,0.000,0.000,D:\Programme\anaconda3\envs\fml\lib\pathlib.py:64(parse_parts)
13,0.000,0.000,0.000,0.000,D:\Programme\anaconda3\envs\fml\lib\pathlib.py:102(join_parsed_parts)
14,0.000,0.000,0.000,0.000,D:\Programme\anaconda3\envs\fml\lib\pathlib.py:155(splitroot)
14,0.000,0.000,0.000,0.000,D:\Programme\anaconda3\envs\fml\lib\pathlib.py:682(_parse_args)
1,0.000,0.000,0.000,0.000,D:\Programme\anaconda3\envs\fml\lib\pathlib.py:702(_from_parts)
14,0.000,0.000,0.000,0.000,D:\Programme\anaconda3\envs\fml\lib\pathlib.py:715(_from_parsed_parts)
12,0.000,0.000,0.000,0.000,D:\Programme\anaconda3\envs\fml\lib\pathlib.py:725(_format_parsed_parts)
13,0.000,0.000,0.001,0.000,D:\Programme\anaconda3\envs\fml\lib\pathlib.py:736(_make_child)
15,0.000,0.000,0.000,0.000,D:\Programme\anaconda3\envs\fml\lib\pathlib.py:742(__str__)
15,0.000,0.000,0.000,0.000,D:\Programme\anaconda3\envs\fml\lib\pathlib.py:752(__fspath__)
13,0.000,0.000,0.001,0.000,D:\Programme\anaconda3\envs\fml\lib\pathlib.py:974(__truediv__)
1,0.000,0.000,0.000,0.000,D:\Programme\anaconda3\envs\fml\lib\pathlib.py:986(parent)
1,0.000,0.000,0.000,0.000,D:\Programme\anaconda3\envs\fml\lib\pathlib.py:1079(__new__)
15,0.000,0.000,0.000,0.000,D:\Programme\anaconda3\envs\fml\lib\pathlib.py:1089(_init)
1,0.000,0.000,0.000,0.000,E:\Repositories\bomberman_rl\main.py:16(__init__)
476,0.001,0.000,0.002,0.000,E:\Repositories\bomberman_rl\main.py:20(is_due)
238,0.001,0.000,0.001,0.000,E:\Repositories\bomberman_rl\main.py:23(note)
238,0.002,0.000,18.320,0.077,E:\Repositories\bomberman_rl\main.py:26(wait)
238,0.010,0.000,20.044,0.084,E:\Repositories\bomberman_rl\main.py:40(render)
1,0.005,0.005,29.477,29.477,E:\Repositories\bomberman_rl\main.py:32(world_controller)
2,0.000,0.000,0.000,0.000,D:\Programme\anaconda3\envs\fml\lib\argparse.py:1290(__init__)
11,0.000,0.000,0.002,0.000,D:\Programme\anaconda3\envs\fml\lib\argparse.py:1305(__init__)
135,0.000,0.000,0.000,0.000,D:\Programme\anaconda3\envs\fml\lib\argparse.py:1358(register)
70,0.000,0.000,0.000,0.000,D:\Programme\anaconda3\envs\fml\lib\argparse.py:1362(_registry_get)
26,0.001,0.000,0.005,0.000,D:\Programme\anaconda3\envs\fml\lib\argparse.py:1387(add_argument)
6,0.000,0.000,0.000,0.000,D:\Programme\anaconda3\envs\fml\lib\argparse.py:1438(add_argument_group)
2,0.000,0.000,0.000,0.000,D:\Programme\anaconda3\envs\fml\lib\argparse.py:1443(add_mutually_exclusive_group)
27,0.000,0.000,0.000,0.000,D:\Programme\anaconda3\envs\fml\lib\argparse.py:1448(_add_action)
1,0.000,0.000,0.000,0.000,D:\Programme\anaconda3\envs\fml\lib\argparse.py:1512(_get_positional_kwargs)
25,0.000,0.000,0.000,0.000,D:\Programme\anaconda3\envs\fml\lib\argparse.py:1528(_get_optional_kwargs)
27,0.000,0.000,0.000,0.000,D:\Programme\anaconda3\envs\fml\lib\argparse.py:1562(_pop_action_class)
11,0.000,0.000,0.000,0.000,D:\Programme\anaconda3\envs\fml\lib\argparse.py:1566(_get_handler)
27,0.000,0.000,0.000,0.000,D:\Programme\anaconda3\envs\fml\lib\argparse.py:1575(_check_conflict)
3,0.000,0.000,0.000,0.000,D:\Programme\anaconda3\envs\fml\lib\argparse.py:1081(__init__)
1,0.000,0.000,0.000,0.000,D:\Programme\anaconda3\envs\fml\lib\argparse.py:1136(__init__)
2,0.000,0.000,0.004,0.002,D:\Programme\anaconda3\envs\fml\lib\argparse.py:1159(add_parser)
1,0.000,0.000,0.002,0.002,D:\Programme\anaconda3\envs\fml\lib\argparse.py:1185(__call__)
17,0.000,0.000,0.000,0.000,D:\Programme\anaconda3\envs\fml\lib\argparse.py:901(__init__)
3,0.000,0.000,0.000,0.000,D:\Programme\anaconda3\envs\fml\lib\argparse.py:930(__call__)
6,0.000,0.000,0.000,0.000,D:\Programme\anaconda3\envs\fml\lib\argparse.py:936(__init__)
6,0.000,0.000,0.000,0.000,D:\Programme\anaconda3\envs\fml\lib\argparse.py:959(__init__)
1,0.001,0.001,29.614,29.614,E:\Repositories\bomberman_rl\main.py:98(main)
23,0.001,0.000,0.003,0.000,D:\Programme\anaconda3\envs\fml\lib\argparse.py:161(__init__)
23,0.000,0.000,0.000,0.000,D:\Programme\anaconda3\envs\fml\lib\argparse.py:203(__init__)
1,0.000,0.000,0.000,0.000,D:\Programme\anaconda3\envs\fml\lib\argparse.py:214(<listcomp>)
1,0.000,0.000,0.000,0.000,D:\Programme\anaconda3\envs\fml\lib\argparse.py:209(format_help)
1,0.000,0.000,0.000,0.000,D:\Programme\anaconda3\envs\fml\lib\argparse.py:232(_add_item)
1,0.000,0.000,0.000,0.000,D:\Programme\anaconda3\envs\fml\lib\argparse.py:252(add_usage)
27,0.000,0.000,0.000,0.000,D:\Programme\anaconda3\envs\fml\lib\argparse.py:816(__init__)
1,0.000,0.000,0.000,0.000,D:\Programme\anaconda3\envs\fml\lib\argparse.py:282(format_help)
2,0.000,0.000,0.000,0.000,D:\Programme\anaconda3\envs\fml\lib\argparse.py:290(<listcomp>)
2,0.000,0.000,0.000,0.000,D:\Programme\anaconda3\envs\fml\lib\argparse.py:289(_join_parts)
1,0.000,0.000,0.000,0.000,D:\Programme\anaconda3\envs\fml\lib\argparse.py:294(_format_usage)
2,0.000,0.000,0.000,0.000,D:\Programme\anaconda3\envs\fml\lib\argparse.py:575(<listcomp>)
22,0.000,0.000,0.000,0.000,D:\Programme\anaconda3\envs\fml\lib\argparse.py:580(format)
22,0.000,0.000,0.000,0.000,D:\Programme\anaconda3\envs\fml\lib\argparse.py:571(_metavar_formatter)
7,0.000,0.000,0.000,0.000,D:\Programme\anaconda3\envs\fml\lib\argparse.py:609(<listcomp>)
22,0.000,0.000,0.000,0.000,D:\Programme\anaconda3\envs\fml\lib\argparse.py:587(_format_args)
8,0.000,0.000,0.000,0.000,D:\Programme\anaconda3\envs\fml\lib\argparse.py:1615(__init__)
27,0.000,0.000,0.000,0.000,D:\Programme\anaconda3\envs\fml\lib\argparse.py:1637(_add_action)
2,0.000,0.000,0.000,0.000,D:\Programme\anaconda3\envs\fml\lib\argparse.py:1649(__init__)
4,0.000,0.000,0.000,0.000,D:\Programme\anaconda3\envs\fml\lib\argparse.py:1654(_add_action)
11,0.000,0.000,0.000,0.000,D:\Programme\anaconda3\envs\fml\lib\argparse.py:1728(identity)
3,0.000,0.000,0.008,0.003,D:\Programme\anaconda3\envs\fml\lib\argparse.py:1688(__init__)
1,0.000,0.000,0.001,0.001,D:\Programme\anaconda3\envs\fml\lib\argparse.py:1768(add_subparsers)
26,0.000,0.000,0.000,0.000,D:\Programme\anaconda3\envs\fml\lib\argparse.py:1799(_add_action)
3,0.000,0.000,0.000,0.000,D:\Programme\anaconda3\envs\fml\lib\argparse.py:1812(<listcomp>)
3,0.000,0.000,0.000,0.000,D:\Programme\anaconda3\envs\fml\lib\argparse.py:1811(_get_positional_actions)
1,0.000,0.000,0.003,0.003,D:\Programme\anaconda3\envs\fml\lib\argparse.py:1819(parse_args)
2/1,0.000,0.000,0.003,0.003,D:\Programme\anaconda3\envs\fml\lib\argparse.py:1826(parse_known_args)
4/1,0.000,0.000,0.002,0.002,D:\Programme\anaconda3\envs\fml\lib\argparse.py:1912(take_action)
3,0.000,0.000,0.001,0.000,D:\Programme\anaconda3\envs\fml\lib\argparse.py:1933(consume_optional)
3/2,0.000,0.000,0.003,0.001,D:\Programme\anaconda3\envs\fml\lib\argparse.py:2010(consume_positionals)
4,0.000,0.000,0.000,0.000,D:\Programme\anaconda3\envs\fml\lib\argparse.py:2039(<listcomp>)
2/1,0.000,0.000,0.003,0.003,D:\Programme\anaconda3\envs\fml\lib\argparse.py:1865(_parse_known_args)
3,0.000,0.000,0.001,0.000,D:\Programme\anaconda3\envs\fml\lib\argparse.py:2140(_match_argument)
1,0.000,0.000,0.000,0.000,D:\Programme\anaconda3\envs\fml\lib\argparse.py:2168(<listcomp>)
1,0.000,0.000,0.000,0.000,D:\Programme\anaconda3\envs\fml\lib\argparse.py:2172(<listcomp>)
3,0.000,0.000,0.001,0.000,D:\Programme\anaconda3\envs\fml\lib\argparse.py:2162(_match_arguments_partial)
17,0.000,0.000,0.000,0.000,D:\Programme\anaconda3\envs\fml\lib\argparse.py:2178(_parse_optional)
4,0.000,0.000,0.000,0.000,D:\Programme\anaconda3\envs\fml\lib\argparse.py:2236(_get_option_tuples)
4,0.000,0.000,0.000,0.000,D:\Programme\anaconda3\envs\fml\lib\argparse.py:2281(_get_nargs_pattern)
1,0.000,0.000,0.000,0.000,D:\Programme\anaconda3\envs\fml\lib\argparse.py:2454(<listcomp>)
1,0.000,0.000,0.000,0.000,D:\Programme\anaconda3\envs\fml\lib\argparse.py:2463(<listcomp>)
4,0.000,0.000,0.000,0.000,D:\Programme\anaconda3\envs\fml\lib\argparse.py:2414(_get_values)
17,0.000,0.000,0.000,0.000,D:\Programme\anaconda3\envs\fml\lib\argparse.py:2470(_get_value)
7,0.000,0.000,0.000,0.000,D:\Programme\anaconda3\envs\fml\lib\argparse.py:2496(_check_value)
23,0.000,0.000,0.003,0.000,D:\Programme\anaconda3\envs\fml\lib\argparse.py:2536(_get_formatter)
18,0.001,0.000,0.001,0.000,D:\Programme\anaconda3\envs\fml\lib\gettext.py:211(_expand_lang)
9,0.000,0.000,0.005,0.001,D:\Programme\anaconda3\envs\fml\lib\gettext.py:542(find)
9,0.000,0.000,0.005,0.001,D:\Programme\anaconda3\envs\fml\lib\gettext.py:583(translation)
9,0.000,0.000,0.005,0.001,D:\Programme\anaconda3\envs\fml\lib\gettext.py:664(dgettext)
9,0.000,0.000,0.005,0.001,D:\Programme\anaconda3\envs\fml\lib\gettext.py:741(gettext)
1,0.000,0.000,0.002,0.002,D:\Programme\anaconda3\envs\fml\lib\site-packages\tqdm\_monitor.py:30(__init__)
4439,0.004,0.000,0.005,0.000,D:\Programme\anaconda3\envs\fml\lib\logging\__init__.py:119(getLevelName)
4439,0.004,0.000,0.006,0.000,D:\Programme\anaconda3\envs\fml\lib\logging\__init__.py:160(<lambda>)
28,0.000,0.000,0.000,0.000,D:\Programme\anaconda3\envs\fml\lib\logging\__init__.py:193(_checkLevel)
54,0.000,0.000,0.000,0.000,D:\Programme\anaconda3\envs\fml\lib\logging\__init__.py:218(_acquireLock)
54,0.000,0.000,0.000,0.000,D:\Programme\anaconda3\envs\fml\lib\logging\__init__.py:227(_releaseLock)
5,0.000,0.000,0.000,0.000,D:\Programme\anaconda3\envs\fml\lib\logging\__init__.py:238(_register_at_fork_reinit_lock)
4439,0.087,0.000,0.226,0.000,D:\Programme\anaconda3\envs\fml\lib\logging\__init__.py:282(__init__)
4439,0.005,0.000,0.005,0.000,D:\Programme\anaconda3\envs\fml\lib\logging\__init__.py:358(getMessage)
5,0.000,0.000,0.000,0.000,D:\Programme\anaconda3\envs\fml\lib\logging\__init__.py:418(__init__)
4439,0.004,0.000,0.009,0.000,D:\Programme\anaconda3\envs\fml\lib\logging\__init__.py:421(usesTime)
5,0.000,0.000,0.000,0.000,D:\Programme\anaconda3\envs\fml\lib\logging\__init__.py:424(validate)
4439,0.010,0.000,0.010,0.000,D:\Programme\anaconda3\envs\fml\lib\logging\__init__.py:429(_format)
4439,0.007,0.000,0.017,0.000,D:\Programme\anaconda3\envs\fml\lib\logging\__init__.py:432(format)
5,0.000,0.000,0.000,0.000,D:\Programme\anaconda3\envs\fml\lib\logging\__init__.py:553(__init__)
4439,0.017,0.000,0.076,0.000,D:\Programme\anaconda3\envs\fml\lib\logging\__init__.py:582(formatTime)
4439,0.006,0.000,0.015,0.000,D:\Programme\anaconda3\envs\fml\lib\logging\__init__.py:628(usesTime)
4439,0.006,0.000,0.023,0.000,D:\Programme\anaconda3\envs\fml\lib\logging\__init__.py:634(formatMessage)
4439,0.031,0.000,0.150,0.000,D:\Programme\anaconda3\envs\fml\lib\logging\__init__.py:650(format)
14,0.000,0.000,0.000,0.000,D:\Programme\anaconda3\envs\fml\lib\logging\__init__.py:771(__init__)
8878,0.005,0.000,0.005,0.000,D:\Programme\anaconda3\envs\fml\lib\logging\__init__.py:791(filter)
5,0.000,0.000,0.000,0.000,D:\Programme\anaconda3\envs\fml\lib\logging\__init__.py:838(_addHandlerRef)
5,0.000,0.000,0.000,0.000,D:\Programme\anaconda3\envs\fml\lib\logging\__init__.py:857(__init__)
5,0.000,0.000,0.000,0.000,D:\Programme\anaconda3\envs\fml\lib\logging\__init__.py:886(createLock)
8878,0.008,0.000,0.011,0.000,D:\Programme\anaconda3\envs\fml\lib\logging\__init__.py:896(acquire)
8878,0.006,0.000,0.008,0.000,D:\Programme\anaconda3\envs\fml\lib\logging\__init__.py:903(release)
5,0.000,0.000,0.000,0.000,D:\Programme\anaconda3\envs\fml\lib\logging\__init__.py:910(setLevel)
4439,0.008,0.000,0.158,0.000,D:\Programme\anaconda3\envs\fml\lib\logging\__init__.py:916(format)
4439,0.021,0.000,0.390,0.000,D:\Programme\anaconda3\envs\fml\lib\logging\__init__.py:939(handle)
5,0.000,0.000,0.000,0.000,D:\Programme\anaconda3\envs\fml\lib\logging\__init__.py:957(setFormatter)
5,0.000,0.000,0.000,0.000,D:\Programme\anaconda3\envs\fml\lib\logging\__init__.py:1049(__init__)
4439,0.022,0.000,0.145,0.000,D:\Programme\anaconda3\envs\fml\lib\logging\__init__.py:1060(flush)
4439,0.019,0.000,0.348,0.000,D:\Programme\anaconda3\envs\fml\lib\logging\__init__.py:1071(emit)
5,0.000,0.000,0.004,0.001,D:\Programme\anaconda3\envs\fml\lib\logging\__init__.py:1127(__init__)
5,0.000,0.000,0.004,0.001,D:\Programme\anaconda3\envs\fml\lib\logging\__init__.py:1170(_open)
4439,0.008,0.000,0.357,0.000,D:\Programme\anaconda3\envs\fml\lib\logging\__init__.py:1178(emit)
22,0.000,0.000,0.000,0.000,D:\Programme\anaconda3\envs\fml\lib\logging\__init__.py:1276(disable)
9,0.000,0.000,0.000,0.000,D:\Programme\anaconda3\envs\fml\lib\logging\__init__.py:1284(getLogger)
9,0.000,0.000,0.000,0.000,D:\Programme\anaconda3\envs\fml\lib\logging\__init__.py:1335(_fixupParents)
9,0.000,0.000,0.000,0.000,D:\Programme\anaconda3\envs\fml\lib\logging\__init__.py:1372(_clear_cache)
9,0.000,0.000,0.000,0.000,D:\Programme\anaconda3\envs\fml\lib\logging\__init__.py:1404(__init__)
9,0.000,0.000,0.000,0.000,D:\Programme\anaconda3\envs\fml\lib\logging\__init__.py:1417(setLevel)
3473,0.011,0.000,0.295,0.000,D:\Programme\anaconda3\envs\fml\lib\logging\__init__.py:1424(debug)
2822,0.012,0.000,0.472,0.000,D:\Programme\anaconda3\envs\fml\lib\logging\__init__.py:1436(info)
1,0.000,0.000,0.000,0.000,D:\Programme\anaconda3\envs\fml\lib\logging\__init__.py:1448(warning)
4439,0.027,0.000,0.050,0.000,D:\Programme\anaconda3\envs\fml\lib\logging\__init__.py:1514(findCaller)
4439,0.012,0.000,0.238,0.000,D:\Programme\anaconda3\envs\fml\lib\logging\__init__.py:1550(makeRecord)
4439,0.025,0.000,0.738,0.000,D:\Programme\anaconda3\envs\fml\lib\logging\__init__.py:1565(_log)
4439,0.014,0.000,0.425,0.000,D:\Programme\anaconda3\envs\fml\lib\logging\__init__.py:1591(handle)
9,0.000,0.000,0.000,0.000,D:\Programme\anaconda3\envs\fml\lib\logging\__init__.py:1601(addHandler)
4439,0.018,0.000,0.408,0.000,D:\Programme\anaconda3\envs\fml\lib\logging\__init__.py:1645(callHandlers)
22,0.000,0.000,0.000,0.000,D:\Programme\anaconda3\envs\fml\lib\logging\__init__.py:1675(getEffectiveLevel)
6296,0.006,0.000,0.006,0.000,D:\Programme\anaconda3\envs\fml\lib\logging\__init__.py:1689(isEnabledFor)
9,0.000,0.000,0.000,0.000,D:\Programme\anaconda3\envs\fml\lib\logging\__init__.py:2034(getLogger)
1,0.000,0.000,0.000,0.000,D:\Programme\anaconda3\envs\fml\lib\site-packages\tqdm\std.py:100(<listcomp>)
1,0.000,0.000,0.006,0.006,D:\Programme\anaconda3\envs\fml\lib\site-packages\tqdm\std.py:92(__init__)
5,0.000,0.000,0.000,0.000,D:\Programme\anaconda3\envs\fml\lib\site-packages\tqdm\std.py:104(acquire)
5,0.000,0.000,0.000,0.000,D:\Programme\anaconda3\envs\fml\lib\site-packages\tqdm\std.py:108(release)
4,0.000,0.000,0.000,0.000,D:\Programme\anaconda3\envs\fml\lib\site-packages\tqdm\std.py:112(__enter__)
4,0.000,0.000,0.000,0.000,D:\Programme\anaconda3\envs\fml\lib\site-packages\tqdm\std.py:115(__exit__)
1,0.000,0.000,0.006,0.006,D:\Programme\anaconda3\envs\fml\lib\site-packages\tqdm\std.py:118(create_mp_lock)
2,0.000,0.000,0.000,0.000,D:\Programme\anaconda3\envs\fml\lib\site-packages\tqdm\std.py:155(__init__)
2,0.000,0.000,0.000,0.000,D:\Programme\anaconda3\envs\fml\lib\site-packages\tqdm\std.py:165(colour)
2,0.000,0.000,0.000,0.000,D:\Programme\anaconda3\envs\fml\lib\site-packages\tqdm\std.py:169(colour)
2,0.000,0.000,0.000,0.000,D:\Programme\anaconda3\envs\fml\lib\site-packages\tqdm\std.py:188(__format__)
3,0.000,0.000,0.000,0.000,D:\Programme\anaconda3\envs\fml\lib\site-packages\tqdm\std.py:228(__init__)
1,0.000,0.000,0.000,0.000,D:\Programme\anaconda3\envs\fml\lib\site-packages\tqdm\std.py:233(__call__)
2,0.000,0.000,0.000,0.000,D:\Programme\anaconda3\envs\fml\lib\site-packages\tqdm\std.py:288(format_interval)
2,0.000,0.000,0.001,0.000,D:\Programme\anaconda3\envs\fml\lib\site-packages\tqdm\std.py:342(fp_write)
2,0.000,0.000,0.002,0.001,D:\Programme\anaconda3\envs\fml\lib\site-packages\tqdm\std.py:348(print_status)
1,0.000,0.000,0.000,0.000,D:\Programme\anaconda3\envs\fml\lib\site-packages\tqdm\std.py:329(status_printer)
2,0.000,0.000,0.002,0.001,D:\Programme\anaconda3\envs\fml\lib\site-packages\tqdm\std.py:355(format_meter)
1,0.000,0.000,0.009,0.009,D:\Programme\anaconda3\envs\fml\lib\site-packages\tqdm\std.py:560(__new__)
1,0.000,0.000,0.000,0.000,D:\Programme\anaconda3\envs\fml\lib\site-packages\tqdm\std.py:579(<setcomp>)
1,0.000,0.000,0.000,0.000,D:\Programme\anaconda3\envs\fml\lib\site-packages\tqdm\std.py:576(_get_free_pos)
1,0.000,0.000,0.000,0.000,D:\Programme\anaconda3\envs\fml\lib\site-packages\tqdm\std.py:583(_decr_instances)
1,0.000,0.000,0.006,0.006,D:\Programme\anaconda3\envs\fml\lib\site-packages\tqdm\std.py:657(get_lock)
1,0.000,0.000,0.004,0.004,D:\Programme\anaconda3\envs\fml\lib\site-packages\tqdm\std.py:846(__init__)
1,0.000,0.000,0.000,0.000,D:\Programme\anaconda3\envs\fml\lib\site-packages\tqdm\std.py:1146(__del__)
2,0.000,0.000,0.002,0.001,D:\Programme\anaconda3\envs\fml\lib\site-packages\tqdm\std.py:1149(__str__)
2,0.000,0.000,0.000,0.000,D:\Programme\anaconda3\envs\fml\lib\site-packages\tqdm\std.py:1152(_comparable)
2,0.000,0.000,0.000,0.000,D:\Programme\anaconda3\envs\fml\lib\site-packages\tqdm\std.py:1156(__hash__)
2,0.000,0.000,0.002,0.001,D:\Programme\anaconda3\envs\fml\lib\site-packages\tqdm\std.py:1159(__iter__)
2,0.000,0.000,0.000,0.000,D:\Programme\anaconda3\envs\fml\lib\site-packages\tqdm\std.py:1285(fp_write)
1,0.000,0.000,0.000,0.000,D:\Programme\anaconda3\envs\fml\lib\site-packages\tqdm\std.py:1300(<lambda>)
2,0.000,0.000,0.002,0.001,D:\Programme\anaconda3\envs\fml\lib\site-packages\tqdm\std.py:1264(close)
1,0.000,0.000,0.003,0.003,D:\Programme\anaconda3\envs\fml\lib\site-packages\tqdm\std.py:1324(refresh)
2,0.000,0.000,0.000,0.000,D:\Programme\anaconda3\envs\fml\lib\site-packages\tqdm\std.py:1445(format_dict)
2,0.000,0.000,0.004,0.002,D:\Programme\anaconda3\envs\fml\lib\site-packages\tqdm\std.py:1463(display)
2,0.000,0.000,0.000,0.000,D:\Programme\anaconda3\envs\fml\lib\site-packages\tqdm\utils.py:57(__init__)
2,0.000,0.000,0.000,0.000,D:\Programme\anaconda3\envs\fml\lib\site-packages\tqdm\utils.py:61(__format__)
1,0.000,0.000,0.000,0.000,D:\Programme\anaconda3\envs\fml\lib\site-packages\tqdm\utils.py:74(__eq__)
1,0.000,0.000,0.000,0.000,D:\Programme\anaconda3\envs\fml\lib\site-packages\tqdm\utils.py:88(__getattr__)
3,0.000,0.000,0.000,0.000,D:\Programme\anaconda3\envs\fml\lib\site-packages\tqdm\utils.py:101(wrapper_setattr)
1,0.000,0.000,0.000,0.000,D:\Programme\anaconda3\envs\fml\lib\site-packages\tqdm\utils.py:105(__init__)
6,0.000,0.000,0.001,0.000,D:\Programme\anaconda3\envs\fml\lib\site-packages\tqdm\utils.py:143(inner)
2,0.000,0.000,0.000,0.000,D:\Programme\anaconda3\envs\fml\lib\site-packages\tqdm\utils.py:136(disable_on_exception)
1,0.000,0.000,0.000,0.000,D:\Programme\anaconda3\envs\fml\lib\site-packages\tqdm\utils.py:162(__init__)
4,0.000,0.000,0.000,0.000,D:\Programme\anaconda3\envs\fml\lib\site-packages\tqdm\utils.py:171(__eq__)
1,0.000,0.000,0.000,0.000,D:\Programme\anaconda3\envs\fml\lib\site-packages\tqdm\utils.py:201(_is_utf)
1,0.000,0.000,0.000,0.000,D:\Programme\anaconda3\envs\fml\lib\site-packages\tqdm\utils.py:215(_supports_unicode)
4,0.000,0.000,0.000,0.000,D:\Programme\anaconda3\envs\fml\lib\site-packages\tqdm\utils.py:222(_is_ascii)
1,0.000,0.000,0.000,0.000,D:\Programme\anaconda3\envs\fml\lib\site-packages\tqdm\utils.py:231(_screen_shape_wrapper)
1,0.000,0.000,0.000,0.000,D:\Programme\anaconda3\envs\fml\lib\site-packages\tqdm\utils.py:246(_screen_shape_windows)
1262,0.001,0.000,0.001,0.000,D:\Programme\anaconda3\envs\fml\lib\site-packages\tqdm\utils.py:330(<genexpr>)
6,0.000,0.000,0.002,0.000,D:\Programme\anaconda3\envs\fml\lib\site-packages\tqdm\utils.py:329(_text_width)
6,0.000,0.000,0.002,0.000,D:\Programme\anaconda3\envs\fml\lib\site-packages\tqdm\utils.py:333(disp_len)
2,0.000,0.000,0.001,0.000,D:\Programme\anaconda3\envs\fml\lib\site-packages\tqdm\utils.py:341(disp_trim)
8,0.000,0.000,0.000,0.000,D:\Programme\anaconda3\envs\fml\lib\site-packages\colorama\ansitowin32.py:28(__getattr__)
4,0.000,0.000,0.001,0.000,D:\Programme\anaconda3\envs\fml\lib\site-packages\colorama\ansitowin32.py:40(write)
4,0.000,0.000,0.001,0.000,D:\Programme\anaconda3\envs\fml\lib\site-packages\colorama\ansitowin32.py:160(write)
4,0.000,0.000,0.001,0.000,D:\Programme\anaconda3\envs\fml\lib\site-packages\colorama\ansitowin32.py:177(write_and_convert)
4,0.000,0.000,0.001,0.000,D:\Programme\anaconda3\envs\fml\lib\site-packages\colorama\ansitowin32.py:193(write_plain_text)
4,0.000,0.000,0.000,0.000,D:\Programme\anaconda3\envs\fml\lib\site-packages\colorama\ansitowin32.py:245(convert_osc)
7,0.000,0.000,0.000,0.000,D:\Programme\anaconda3\envs\fml\lib\site-packages\numpy\core\multiarray.py:148(concatenate)
806,0.000,0.000,0.000,0.000,D:\Programme\anaconda3\envs\fml\lib\site-packages\numpy\core\multiarray.py:1071(copyto)
7,0.000,0.000,0.000,0.000,<__array_function__ internals>:2(concatenate)
806,0.003,0.000,0.010,0.000,<__array_function__ internals>:2(copyto)
806,0.004,0.000,0.016,0.000,D:\Programme\anaconda3\envs\fml\lib\site-packages\numpy\core\numeric.py:149(ones)
1,0.000,0.000,0.000,0.000,D:\Programme\anaconda3\envs\fml\lib\site-packages\numpy\core\shape_base.py:207(_arrays_for_stack_dispatcher)
1,0.000,0.000,0.000,0.000,D:\Programme\anaconda3\envs\fml\lib\site-packages\numpy\core\shape_base.py:348(_stack_dispatcher)
1,0.000,0.000,0.000,0.000,D:\Programme\anaconda3\envs\fml\lib\site-packages\numpy\core\shape_base.py:420(<listcomp>)
1,0.000,0.000,0.000,0.000,D:\Programme\anaconda3\envs\fml\lib\site-packages\numpy\core\shape_base.py:424(<setcomp>)
1,0.000,0.000,0.000,0.000,D:\Programme\anaconda3\envs\fml\lib\site-packages\numpy\core\shape_base.py:432(<listcomp>)
1,0.000,0.000,0.000,0.000,D:\Programme\anaconda3\envs\fml\lib\site-packages\numpy\core\shape_base.py:357(stack)
32693,0.034,0.000,0.034,0.000,D:\Programme\anaconda3\envs\fml\lib\site-packages\numpy\core\fromnumeric.py:70(<dictcomp>)
32693,0.089,0.000,0.246,0.000,D:\Programme\anaconda3\envs\fml\lib\site-packages\numpy\core\fromnumeric.py:69(_wrapreduction)
32693,0.011,0.000,0.011,0.000,D:\Programme\anaconda3\envs\fml\lib\site-packages\numpy\core\fromnumeric.py:2118(_sum_dispatcher)
32693,0.080,0.000,0.333,0.000,D:\Programme\anaconda3\envs\fml\lib\site-packages\numpy\core\fromnumeric.py:2123(sum)
240,0.000,0.000,0.000,0.000,D:\Programme\anaconda3\envs\fml\lib\site-packages\numpy\core\fromnumeric.py:3123(_ndim_dispatcher)
240,0.000,0.000,0.000,0.000,D:\Programme\anaconda3\envs\fml\lib\site-packages\numpy\core\fromnumeric.py:3127(ndim)
32693,0.020,0.000,0.097,0.000,D:\Programme\anaconda3\envs\fml\lib\site-packages\numpy\core\_methods.py:42(_amin)
32693,0.071,0.000,0.460,0.000,<__array_function__ internals>:2(sum)
240,0.001,0.000,0.002,0.000,<__array_function__ internals>:2(ndim)
1,0.000,0.000,0.000,0.000,<__array_function__ internals>:2(stack)
10,0.000,0.000,0.000,0.000,D:\Programme\anaconda3\envs\fml\lib\site-packages\numpy\core\_ufunc_config.py:32(seterr)
10,0.000,0.000,0.000,0.000,D:\Programme\anaconda3\envs\fml\lib\site-packages\numpy\core\_ufunc_config.py:131(geterr)
5,0.000,0.000,0.000,0.000,D:\Programme\anaconda3\envs\fml\lib\site-packages\numpy\core\_ufunc_config.py:429(__enter__)
5,0.000,0.000,0.000,0.000,D:\Programme\anaconda3\envs\fml\lib\site-packages\numpy\core\_ufunc_config.py:434(__exit__)
2,0.000,0.000,0.000,0.000,D:\Programme\anaconda3\envs\fml\lib\site-packages\numpy\lib\stride_tricks.py:25(_maybe_view_as_subclass)
6,0.000,0.000,0.000,0.000,D:\Programme\anaconda3\envs\fml\lib\site-packages\numpy\lib\stride_tricks.py:344(<genexpr>)
2,0.000,0.000,0.000,0.000,D:\Programme\anaconda3\envs\fml\lib\site-packages\numpy\lib\stride_tricks.py:339(_broadcast_to)
1,0.000,0.000,0.000,0.000,D:\Programme\anaconda3\envs\fml\lib\site-packages\numpy\lib\stride_tricks.py:414(_broadcast_shape)
1,0.000,0.000,0.000,0.000,D:\Programme\anaconda3\envs\fml\lib\site-packages\numpy\lib\stride_tricks.py:474(_broadcast_arrays_dispatcher)
1,0.000,0.000,0.000,0.000,D:\Programme\anaconda3\envs\fml\lib\site-packages\numpy\lib\stride_tricks.py:536(<listcomp>)
2,0.000,0.000,0.000,0.000,D:\Programme\anaconda3\envs\fml\lib\site-packages\numpy\lib\stride_tricks.py:540(<genexpr>)
1,0.000,0.000,0.000,0.000,D:\Programme\anaconda3\envs\fml\lib\site-packages\numpy\lib\stride_tricks.py:544(<listcomp>)
1,0.000,0.000,0.000,0.000,D:\Programme\anaconda3\envs\fml\lib\site-packages\numpy\lib\stride_tricks.py:478(broadcast_arrays)
1,0.000,0.000,0.000,0.000,<__array_function__ internals>:2(broadcast_arrays)
2,0.000,0.000,0.000,0.000,D:\Programme\anaconda3\envs\fml\lib\site-packages\numpy\lib\function_base.py:244(iterable)
1,0.000,0.000,0.000,0.000,D:\Programme\anaconda3\envs\fml\lib\site-packages\numpy\lib\function_base.py:4243(_meshgrid_dispatcher)
1,0.000,0.000,0.000,0.000,D:\Programme\anaconda3\envs\fml\lib\site-packages\numpy\lib\function_base.py:4360(<listcomp>)
1,0.000,0.000,0.000,0.000,D:\Programme\anaconda3\envs\fml\lib\site-packages\numpy\lib\function_base.py:4373(<listcomp>)
1,0.000,0.000,0.000,0.000,D:\Programme\anaconda3\envs\fml\lib\site-packages\numpy\lib\function_base.py:4248(meshgrid)
1,0.000,0.000,0.000,0.000,<__array_function__ internals>:2(meshgrid)
1,0.000,0.000,0.003,0.003,E:\Repositories\bomberman_rl\environment.py:47(__init__)
1,0.000,0.000,0.003,0.003,E:\Repositories\bomberman_rl\environment.py:60(setup_logging)
1,0.000,0.000,0.000,0.000,E:\Repositories\bomberman_rl\environment.py:98(<listcomp>)
1,0.000,0.000,0.000,0.000,E:\Repositories\bomberman_rl\environment.py:99(<listcomp>)
1,0.000,0.000,0.000,0.000,E:\Repositories\bomberman_rl\environment.py:100(<listcomp>)
1,0.000,0.000,0.002,0.002,E:\Repositories\bomberman_rl\environment.py:70(new_round)
4,0.000,0.000,0.020,0.005,E:\Repositories\bomberman_rl\environment.py:110(add_agent)
723,0.003,0.000,0.003,0.000,E:\Repositories\bomberman_rl\environment.py:123(tile_is_free)
816,0.005,0.000,0.021,0.000,E:\Repositories\bomberman_rl\environment.py:130(perform_agent_action)
237,0.006,0.000,9.204,0.039,E:\Repositories\bomberman_rl\environment.py:160(do_step)
237,0.001,0.000,0.002,0.000,E:\Repositories\bomberman_rl\environment.py:181(collect_coins)
237,0.001,0.000,0.001,0.000,E:\Repositories\bomberman_rl\environment.py:192(update_explosions)
69,0.001,0.000,0.001,0.000,E:\Repositories\bomberman_rl\environment.py:232(<listcomp>)
237,0.000,0.000,0.000,0.000,E:\Repositories\bomberman_rl\environment.py:239(<listcomp>)
237,0.003,0.000,0.015,0.000,E:\Repositories\bomberman_rl\environment.py:205(update_bombs)
237,0.001,0.000,0.001,0.000,E:\Repositories\bomberman_rl\environment.py:241(evaluate_explosions)
1185,0.002,0.000,0.002,0.000,E:\Repositories\bomberman_rl\environment.py:298(<genexpr>)
237,0.001,0.000,0.008,0.000,E:\Repositories\bomberman_rl\environment.py:285(time_to_stop)
1,0.000,0.000,0.023,0.023,E:\Repositories\bomberman_rl\environment.py:334(__init__)
4,0.000,0.000,0.000,0.000,E:\Repositories\bomberman_rl\environment.py:343(<listcomp>)
4,0.000,0.000,0.000,0.000,E:\Repositories\bomberman_rl\environment.py:344(<listcomp>)
1,0.000,0.000,0.020,0.020,E:\Repositories\bomberman_rl\environment.py:339(setup_agents)
1,0.000,0.000,0.001,0.001,E:\Repositories\bomberman_rl\environment.py:349(build_arena)
1621,0.005,0.000,0.008,0.000,E:\Repositories\bomberman_rl\environment.py:406(<listcomp>)
1621,0.003,0.000,0.004,0.000,E:\Repositories\bomberman_rl\environment.py:407(<listcomp>)
1621,0.003,0.000,0.003,0.000,E:\Repositories\bomberman_rl\environment.py:408(<listcomp>)
1621,0.031,0.000,0.061,0.000,E:\Repositories\bomberman_rl\environment.py:397(get_state_for_agent)
237,0.022,0.000,9.070,0.038,E:\Repositories\bomberman_rl\environment.py:421(poll_and_run_agents)
237,0.003,0.000,0.027,0.000,E:\Repositories\bomberman_rl\environment.py:463(send_game_events)
1,0.003,0.003,0.096,0.096,E:\Repositories\bomberman_rl\environment.py:515(__init__)
3094,0.012,0.000,0.043,0.000,E:\Repositories\bomberman_rl\environment.py:543(render_text)
952,0.001,0.000,0.001,0.000,E:\Repositories\bomberman_rl\environment.py:595(<lambda>)
238,0.242,0.001,1.628,0.007,E:\Repositories\bomberman_rl\environment.py:554(render)
4,0.000,0.000,0.009,0.002,E:\Repositories\bomberman_rl\agents.py:56(__init__)
4,0.000,0.000,0.005,0.001,E:\Repositories\bomberman_rl\agents.py:107(setup)
4,0.000,0.000,0.000,0.000,E:\Repositories\bomberman_rl\agents.py:118(start_round)
820,0.001,0.000,0.001,0.000,E:\Repositories\bomberman_rl\agents.py:133(base_timeout)
1020,0.002,0.000,0.003,0.000,E:\Repositories\bomberman_rl\agents.py:137(add_event)
2540,0.003,0.000,0.003,0.000,E:\Repositories\bomberman_rl\agents.py:142(note_stat)
5693,0.004,0.000,0.004,0.000,E:\Repositories\bomberman_rl\agents.py:146(get_state)
8,0.000,0.000,0.000,0.000,E:\Repositories\bomberman_rl\agents.py:150(update_score)
815,0.001,0.000,0.001,0.000,E:\Repositories\bomberman_rl\agents.py:167(store_game_state)
815,0.000,0.000,0.000,0.000,E:\Repositories\bomberman_rl\agents.py:170(reset_game_events)
806,0.003,0.000,8.735,0.011,E:\Repositories\bomberman_rl\agents.py:173(act)
806,0.004,0.000,0.020,0.000,E:\Repositories\bomberman_rl\agents.py:176(wait_for_act)
1771,0.003,0.000,0.052,0.000,E:\Repositories\bomberman_rl\agents.py:187(render)
4,0.001,0.000,0.010,0.002,E:\Repositories\bomberman_rl\agents.py:199(__init__)
810,0.019,0.000,8.400,0.010,E:\Repositories\bomberman_rl\agents.py:235(process_event)
4,0.000,0.000,0.000,0.000,E:\Repositories\bomberman_rl\agents.py:263(__init__)
4,0.000,0.000,0.000,0.000,E:\Repositories\bomberman_rl\agents.py:276(get)
810,0.003,0.000,0.015,0.000,E:\Repositories\bomberman_rl\agents.py:279(get_with_time)
4,0.000,0.000,0.001,0.000,E:\Repositories\bomberman_rl\agents.py:296(__init__)
4,0.000,0.000,0.010,0.002,E:\Repositories\bomberman_rl\agents.py:300(start)
810,0.012,0.000,8.737,0.011,E:\Repositories\bomberman_rl\agents.py:303(send_event)
1,0.000,0.000,0.006,0.006,D:\Programme\anaconda3\envs\fml\lib\multiprocessing\context.py:70(RLock)
1,0.000,0.000,0.000,0.000,D:\Programme\anaconda3\envs\fml\lib\multiprocessing\context.py:197(get_start_method)
1,0.000,0.000,0.000,0.000,D:\Programme\anaconda3\envs\fml\lib\multiprocessing\context.py:233(get_context)
4440,0.002,0.000,0.002,0.000,D:\Programme\anaconda3\envs\fml\lib\multiprocessing\process.py:37(current_process)
4439,0.002,0.000,0.002,0.000,D:\Programme\anaconda3\envs\fml\lib\multiprocessing\process.py:189(name)
148,0.000,0.000,0.000,0.000,E:\Repositories\bomberman_rl\items.py:8(__init__)
373,0.001,0.000,0.010,0.000,E:\Repositories\bomberman_rl\items.py:14(render)
9,0.000,0.000,0.000,0.000,E:\Repositories\bomberman_rl\items.py:24(__init__)
759,0.000,0.000,0.000,0.000,E:\Repositories\bomberman_rl\items.py:30(get_state)
70,0.000,0.000,0.000,0.000,E:\Repositories\bomberman_rl\items.py:37(__init__)
1950,0.001,0.000,0.001,0.000,E:\Repositories\bomberman_rl\items.py:48(get_state)
69,0.001,0.000,0.001,0.000,E:\Repositories\bomberman_rl\items.py:51(get_blast_coords)
69,0.000,0.000,0.000,0.000,E:\Repositories\bomberman_rl\items.py:81(__init__)
2187,0.001,0.000,0.001,0.000,E:\Repositories\bomberman_rl\items.py:89(is_dangerous)
136,0.000,0.000,0.000,0.000,E:\Repositories\bomberman_rl\items.py:92(next_stage)
274,0.007,0.000,0.099,0.000,E:\Repositories\bomberman_rl\items.py:99(render)
1,0.000,0.000,0.000,0.000,E:\Repositories\bomberman_rl\agent_code\rule_based_agent\callbacks.py:1(<module>)
806,5.610,0.007,8.356,0.010,E:\Repositories\bomberman_rl\agent_code\rule_based_agent\callbacks.py:85(act)
2828,0.009,0.000,0.010,0.000,E:\Repositories\bomberman_rl\agent_code\rule_based_agent\callbacks.py:175(<genexpr>)
806,0.016,0.000,0.016,0.000,E:\Repositories\bomberman_rl\agent_code\rule_based_agent\callbacks.py:154(<listcomp>)
806,0.075,0.000,0.075,0.000,E:\Repositories\bomberman_rl\agent_code\rule_based_agent\callbacks.py:147(<listcomp>)
806,0.245,0.000,0.313,0.000,E:\Repositories\bomberman_rl\agent_code\rule_based_agent\callbacks.py:145(<listcomp>)
966,0.003,0.000,0.003,0.000,E:\Repositories\bomberman_rl\agent_code\rule_based_agent\callbacks.py:107(<listcomp>)
806,0.001,0.000,0.001,0.000,E:\Repositories\bomberman_rl\agent_code\rule_based_agent\callbacks.py:103(<listcomp>)
806,0.001,0.000,0.001,0.000,E:\Repositories\bomberman_rl\agent_code\rule_based_agent\callbacks.py:102(<listcomp>)
4,0.000,0.000,0.000,0.000,E:\Repositories\bomberman_rl\agent_code\rule_based_agent\callbacks.py:78(reset_self)
4,0.000,0.000,0.003,0.001,E:\Repositories\bomberman_rl\agent_code\rule_based_agent\callbacks.py:59(setup)
806,0.942,0.001,1.976,0.002,E:\Repositories\bomberman_rl\agent_code\rule_based_agent\callbacks.py:9(look_for_targets)
31204,0.067,0.000,0.067,0.000,E:\Repositories\bomberman_rl\agent_code\rule_based_agent\callbacks.py:44(<listcomp>)
1,0.000,0.000,0.002,0.002,D:\Programme\anaconda3\envs\fml\lib\site-packages\pygame\pkgdata.py:47(getResource)
1,0.000,0.000,0.000,0.000,D:\Programme\anaconda3\envs\fml\lib\site-packages\pygame\pkgdata.py:1(<module>)
1,0.000,0.000,0.001,0.001,D:\Programme\anaconda3\envs\fml\lib\multiprocessing\synchronize.py:50(__init__)
1,0.000,0.000,0.000,0.000,D:\Programme\anaconda3\envs\fml\lib\multiprocessing\synchronize.py:90(_make_methods)
1,0.000,0.000,0.001,0.001,D:\Programme\anaconda3\envs\fml\lib\multiprocessing\synchronize.py:114(_make_name)
1,0.000,0.000,0.000,0.000,D:\Programme\anaconda3\envs\fml\lib\multiprocessing\synchronize.py:46(SemLock)
1,0.000,0.000,0.000,0.000,D:\Programme\anaconda3\envs\fml\lib\multiprocessing\synchronize.py:123(Semaphore)
1,0.000,0.000,0.000,0.000,D:\Programme\anaconda3\envs\fml\lib\multiprocessing\synchronize.py:142(BoundedSemaphore)
1,0.000,0.000,0.000,0.000,D:\Programme\anaconda3\envs\fml\lib\multiprocessing\synchronize.py:159(Lock)
1,0.000,0.000,0.001,0.001,D:\Programme\anaconda3\envs\fml\lib\multiprocessing\synchronize.py:186(__init__)
1,0.000,0.000,0.000,0.000,D:\Programme\anaconda3\envs\fml\lib\multiprocessing\synchronize.py:184(RLock)
1,0.000,0.000,0.000,0.000,D:\Programme\anaconda3\envs\fml\lib\multiprocessing\synchronize.py:210(Condition)
1,0.000,0.000,0.000,0.000,D:\Programme\anaconda3\envs\fml\lib\multiprocessing\synchronize.py:321(Event)
1,0.000,0.000,0.000,0.000,D:\Programme\anaconda3\envs\fml\lib\multiprocessing\synchronize.py:360(Barrier)
1,0.000,0.000,0.004,0.004,D:\Programme\anaconda3\envs\fml\lib\multiprocessing\synchronize.py:10(<module>)
1,0.000,0.000,0.000,0.000,D:\Programme\anaconda3\envs\fml\lib\multiprocessing\util.py:48(debug)
1,0.000,0.000,0.000,0.000,D:\Programme\anaconda3\envs\fml\lib\multiprocessing\util.py:108(_platform_supports_abstract_sockets)
1,0.000,0.000,0.000,0.000,D:\Programme\anaconda3\envs\fml\lib\multiprocessing\util.py:182(Finalize)
1,0.000,0.000,0.000,0.000,D:\Programme\anaconda3\envs\fml\lib\multiprocessing\util.py:368(ForkAwareThreadLock)
1,0.000,0.000,0.000,0.000,D:\Programme\anaconda3\envs\fml\lib\multiprocessing\util.py:385(ForkAwareLocal)
1,0.000,0.000,0.000,0.000,D:\Programme\anaconda3\envs\fml\lib\multiprocessing\util.py:10(<module>)
18,0.000,0.000,0.000,0.000,{built-in method __new__ of type object at 0x00007FFA2CCC3C60}
1,0.000,0.000,0.000,0.000,{built-in method _abc._abc_instancecheck}
2/1,0.000,0.000,0.000,0.000,{built-in method _abc._abc_subclasscheck}
4439,0.007,0.000,0.007,0.000,{built-in method _codecs.charmap_encode}
1687,0.001,0.000,0.001,0.000,{method 'append' of 'collections.deque' objects}
806,0.002,0.000,0.002,0.000,{method 'count' of 'collections.deque' objects}
810,0.000,0.000,0.000,0.000,{method 'popleft' of 'collections.deque' objects}
5,0.000,0.000,0.000,0.000,{built-in method _locale._getdefaultlocale}
1,0.000,0.000,0.000,0.000,{function Random.seed at 0x0000019C614E0A60}
86813,0.010,0.000,0.010,0.000,{method 'getrandbits' of '_random.Random' objects}
35,0.000,0.000,0.000,0.000,{method 'match' of 're.Pattern' objects}
5,0.000,0.000,0.000,0.000,{method 'search' of 're.Pattern' objects}
7,0.000,0.000,0.000,0.000,{method 'sub' of 're.Pattern' objects}
8,0.000,0.000,0.000,0.000,{method 'finditer' of 're.Pattern' objects}
3,0.000,0.000,0.000,0.000,{method 'group' of 're.Match' objects}
1,0.000,0.000,0.000,0.000,{method 'groups' of 're.Match' objects}
6,0.000,0.000,0.000,0.000,{built-in method _sre.compile}
1,0.000,0.000,0.000,0.000,{built-in method _struct.unpack}
2,0.000,0.000,0.000,0.000,{built-in method _weakref.proxy}
2,0.000,0.000,0.000,0.000,{built-in method atexit.register}
1,0.000,0.000,0.000,0.000,{built-in method now}
2,0.000,0.000,0.000,0.000,{built-in method utcfromtimestamp}
1,0.000,0.000,0.000,0.000,{method 'strftime' of 'datetime.date' objects}
82,0.004,0.000,0.004,0.000,{built-in method nt.stat}
1620,0.308,0.000,0.308,0.000,{built-in method nt.chdir}
810,0.001,0.000,0.001,0.000,{built-in method nt.getcwd}
2,0.000,0.000,0.000,0.000,{built-in method nt.listdir}
4440,0.002,0.000,0.002,0.000,{built-in method nt.getpid}
7,0.000,0.000,0.000,0.000,{built-in method nt._getfullpathname}
3,0.000,0.000,0.000,0.000,{built-in method nt._path_splitroot}
4,0.000,0.000,0.000,0.000,{built-in method nt.urandom}
23,0.001,0.000,0.001,0.000,{built-in method nt.get_terminal_size}
19672,0.003,0.000,0.003,0.000,{built-in method nt.fspath}
1624,0.002,0.000,0.002,0.000,{method 'acquire' of '_thread.lock' objects}
1,0.000,0.000,0.000,0.000,{method 'release' of '_thread.lock' objects}
1621,0.001,0.000,0.001,0.000,{method '__enter__' of '_thread.lock' objects}
1647,0.000,0.000,0.000,0.000,{method '__exit__' of '_thread.lock' objects}
8938,0.003,0.000,0.003,0.000,{method 'acquire' of '_thread.RLock' objects}
8938,0.002,0.000,0.002,0.000,{method 'release' of '_thread.RLock' objects}
1,0.000,0.000,0.000,0.000,{method '__exit__' of '_thread.RLock' objects}
1,0.000,0.000,0.000,0.000,{built-in method _thread.start_new_thread}
33,0.000,0.000,0.000,0.000,{built-in method _thread.allocate_lock}
8905,0.002,0.000,0.002,0.000,{built-in method _thread.get_ident}
7283,0.003,0.000,0.003,0.000,{built-in method time.time}
236,18.318,0.078,18.318,0.078,{built-in method time.sleep}
4439,0.026,0.000,0.026,0.000,{built-in method time.localtime}
4439,0.034,0.000,0.034,0.000,{built-in method time.strftime}
4,0.000,0.000,0.000,0.000,{method 'read' of '_io.BufferedReader' objects}
4,0.000,0.000,0.000,0.000,{method '__exit__' of '_io._IOBase' objects}
4442,0.015,0.000,0.027,0.000,{method 'write' of '_io.TextIOWrapper' objects}
4446,0.113,0.000,0.113,0.000,{method 'flush' of '_io.TextIOWrapper' objects}
23,0.000,0.000,0.000,0.000,{method 'fileno' of '_io.TextIOWrapper' objects}
6,0.004,0.001,0.004,0.001,{built-in method io.open}
4,0.001,0.000,0.001,0.000,{built-in method io.open_code}
9,0.000,0.000,0.000,0.000,{method 'find' of 'bytearray' objects}
1,0.000,0.000,0.000,0.000,{method 'translate' of 'bytearray' objects}
2,0.000,0.000,0.000,0.000,{method 'setter' of 'property' objects}
9061,0.003,0.000,0.003,0.000,{method 'get' of 'dict' objects}
164,0.000,0.000,0.000,0.000,{method 'setdefault' of 'dict' objects}
61,0.000,0.000,0.000,0.000,{method 'pop' of 'dict' objects}
32706,0.006,0.000,0.006,0.000,{method 'items' of 'dict' objects}
9,0.000,0.000,0.000,0.000,{method 'values' of 'dict' objects}
2,0.000,0.000,0.000,0.000,{method 'update' of 'dict' objects}
2,0.000,0.000,0.000,0.000,{built-in method fromkeys}
63,0.000,0.000,0.000,0.000,{method 'clear' of 'dict' objects}
44991,0.007,0.000,0.007,0.000,{method 'append' of 'list' objects}
618,0.000,0.000,0.000,0.000,{method 'extend' of 'list' objects}
33213,0.009,0.000,0.009,0.000,{method 'pop' of 'list' objects}
4,0.000,0.000,0.000,0.000,{method 'remove' of 'list' objects}
111012,0.068,0.000,0.068,0.000,{method 'count' of 'list' objects}
32,0.000,0.000,0.000,0.000,{method 'reverse' of 'list' objects}
46205,0.006,0.000,0.006,0.000,{method 'bit_length' of 'int' objects}
16,0.000,0.000,0.000,0.000,{built-in method from_bytes}
24,0.000,0.000,0.000,0.000,{method 'add' of 'set' objects}
1,0.000,0.000,0.000,0.000,{method 'difference' of 'set' objects}
3,0.000,0.000,0.000,0.000,{method 'remove' of 'set' objects}
1,0.000,0.000,0.000,0.000,{method 'encode' of 'str' objects}
9959,0.003,0.000,0.003,0.000,{method 'replace' of 'str' objects}
33,0.000,0.000,0.000,0.000,{method 'split' of 'str' objects}
148,0.000,0.000,0.000,0.000,{method 'join' of 'str' objects}
4493,0.004,0.000,0.004,0.000,{method 'find' of 'str' objects}
12,0.000,0.000,0.000,0.000,{method 'partition' of 'str' objects}
9,0.000,0.000,0.000,0.000,{method 'index' of 'str' objects}
4520,0.001,0.000,0.001,0.000,{method 'lower' of 'str' objects}
33,0.000,0.000,0.000,0.000,{method 'lstrip' of 'str' objects}
13342,0.006,0.000,0.006,0.000,{method 'rfind' of 'str' objects}
5545,0.002,0.000,0.002,0.000,{method 'rstrip' of 'str' objects}
54,0.000,0.000,0.000,0.000,{method 'rpartition' of 'str' objects}
2,0.000,0.000,0.000,0.000,{method 'strip' of 'str' objects}
82,0.000,0.000,0.000,0.000,{method 'upper' of 'str' objects}
250,0.000,0.000,0.000,0.000,{method 'startswith' of 'str' objects}
324,0.000,0.000,0.000,0.000,{method 'endswith' of 'str' objects}
45,0.000,0.000,0.000,0.000,{method 'isalnum' of 'str' objects}
12,0.000,0.000,0.000,0.000,{method 'isidentifier' of 'str' objects}
12,0.000,0.000,0.000,0.000,{method 'format' of 'str' objects}
11,0.000,0.000,0.000,0.000,{built-in method builtins.__build_class__}
1,0.000,0.000,0.002,0.002,{built-in method builtins.__import__}
4497,0.001,0.000,0.001,0.000,{built-in method builtins.abs}
1,0.000,0.000,0.000,0.000,{built-in method builtins.all}
239,0.005,0.000,0.007,0.000,{built-in method builtins.any}
77,0.000,0.000,0.000,0.000,{built-in method builtins.callable}
6,0.000,0.000,0.000,0.000,{built-in method builtins.divmod}
4/3,0.002,0.000,0.005,0.002,{built-in method builtins.exec}
1725/1721,0.001,0.000,0.001,0.000,{built-in method builtins.getattr}
13437,0.005,0.000,0.005,0.000,{built-in method builtins.hasattr}
10,0.000,0.000,0.000,0.000,{built-in method builtins.id}
53724,0.012,0.000,0.012,0.000,{built-in method builtins.isinstance}
8,0.000,0.000,0.000,0.000,{built-in method builtins.iter}
81207/81188,0.011,0.000,0.011,0.000,{built-in method builtins.len}
12446,0.009,0.000,0.010,0.000,{built-in method builtins.max}
13397,0.025,0.000,0.035,0.000,{built-in method builtins.min}
3,0.000,0.000,0.001,0.000,{built-in method builtins.next}
53,0.000,0.000,0.000,0.000,{built-in method builtins.ord}
48,0.000,0.000,0.000,0.000,{built-in method builtins.setattr}
6,0.001,0.000,0.002,0.000,{built-in method builtins.sum}
1,0.000,0.000,0.000,0.000,{built-in method builtins.vars}
47,0.000,0.000,0.000,0.000,{built-in method _imp.acquire_lock}
47,0.000,0.000,0.000,0.000,{built-in method _imp.release_lock}
2,0.000,0.000,0.000,0.000,{built-in method _imp.is_builtin}
7,0.000,0.000,0.000,0.000,{built-in method _imp.is_frozen}
1,0.001,0.001,0.001,0.001,{built-in method _imp.create_dynamic}
1,0.000,0.000,0.000,0.000,{built-in method _imp.exec_dynamic}
4,0.000,0.000,0.000,0.000,{built-in method _imp._fix_co_filename}
4,0.000,0.000,0.000,0.000,{built-in method marshal.loads}
1,0.000,0.000,0.000,0.000,{built-in method sys.audit}
8,0.000,0.000,0.000,0.000,{built-in method sys.getrecursionlimit}
4439,0.002,0.000,0.002,0.000,{built-in method sys._getframe}
16,0.000,0.000,0.000,0.000,{built-in method sys.intern}
1,0.000,0.000,0.000,0.000,{method 'disable' of '_lsprof.Profiler' objects}
2,0.000,0.000,0.000,0.000,{method 'copy' of 'numpy.ndarray' objects}
32693,0.048,0.000,0.144,0.000,{method 'min' of 'numpy.ndarray' objects}
2,0.000,0.000,0.000,0.000,{method 'reshape' of 'numpy.ndarray' objects}
1626,0.006,0.000,0.006,0.000,{built-in method numpy.array}
4,0.000,0.000,0.000,0.000,{built-in method numpy.asanyarray}
2,0.000,0.000,0.000,0.000,{built-in method numpy.arange}
1622,0.003,0.000,0.003,0.000,{built-in method numpy.zeros}
806,0.003,0.000,0.003,0.000,{built-in method numpy.empty}
33749/33747,0.052,0.000,0.385,0.000,{built-in method numpy.core._multiarray_umath.implement_array_function}
1,0.000,0.000,0.000,0.000,{built-in method numpy.core._multiarray_umath.normalize_axis_index}
10,0.000,0.000,0.000,0.000,{built-in method numpy.seterrobj}
20,0.000,0.000,0.000,0.000,{built-in method numpy.geterrobj}
2,0.000,0.000,0.000,0.000,{method '__exit__' of 'numpy.nditer' objects}
65386,0.193,0.000,0.193,0.000,{method 'reduce' of 'numpy.ufunc' objects}
1256,0.000,0.000,0.000,0.000,{built-in method unicodedata.east_asian_width}
1,0.000,0.000,0.000,0.000,{method 'random' of 'numpy.random._generator.Generator' objects}
240,0.006,0.000,0.007,0.000,{method 'permutation' of 'numpy.random._generator.Generator' objects}
1,0.000,0.000,0.000,0.000,{numpy.random._generator.default_rng}
5,0.001,0.000,0.001,0.000,{function SeedSequence.generate_state at 0x0000019C64A190D0}
4,0.000,0.000,0.001,0.000,{method 'seed' of 'numpy.random.mtrand.RandomState' objects}
1,0.001,0.001,0.001,0.001,{method 'convert' of 'pygame.Surface' objects}
5,0.000,0.000,0.000,0.000,{method 'fill' of 'pygame.Surface' objects}
45059,1.304,0.000,1.304,0.000,{method 'blit' of 'pygame.Surface' objects}
3368,0.001,0.000,0.001,0.000,{method 'get_rect' of 'pygame.Surface' objects}
274,0.005,0.000,0.005,0.000,{built-in method pygame.transform.rotate}
5,0.000,0.000,0.000,0.000,{method 'acquire' of '_multiprocessing.SemLock' objects}
5,0.000,0.000,0.000,0.000,{method 'release' of '_multiprocessing.SemLock' objects}
3094,0.016,0.000,0.016,0.000,{method 'render' of 'pygame.font.Font' objects}
19,0.004,0.000,0.005,0.000,{built-in method pygame.image.load}
238,0.208,0.001,0.208,0.001,{built-in method pygame.event.get}
1,0.086,0.086,0.090,0.090,{built-in method pygame.display.set_mode}
238,0.083,0.000,0.083,0.000,{built-in method pygame.display.flip}
239,0.034,0.000,0.034,0.000,{built-in method pygame.display.set_caption}
1,0.001,0.001,0.001,0.001,{built-in method pygame.display.set_icon}


